message_id,relative_path,lang,type,published_to_telegram_at,updated_at
52,content/blog/2025/bicycle-theft/index.ru.md,ru,text,2025-04-15T20:32:03.651137+00:00,2025-04-16T07:17:45.659981+00:00
75,content/blog/2025/geo-tags/index.ru.md,ru,text,2025-05-18T18:08:02.584097+00:00,2025-05-18T18:35:53.729217+00:00
33,content/blog/2025/hosting-static-web-site-on-ipfs/index.ru.md,ru,text,2025-03-23T17:06:38.658801+00:00,
32,content/blog/2025/ipfs/index.ru.md,ru,text,2025-03-23T15:37:58.270943+00:00,2025-03-23T15:48:31.384759+00:00
76,content/gallery/2025/budapest/index.ru.md,ru,media,2025-06-08T11:59:16.221288+00:00,
64,content/gallery/2025/more-berlin/index.ru.md,ru,media,2025-05-11T11:16:39.177004+00:00,
53,content/note/2025/ireland/index.ru.md,ru,photo,2025-04-18T19:07:21.093578+00:00,
51,content/note/2025/script-by-chatgpt/index.ru.md,ru,text,2025-03-29T19:26:54.336219+00:00,2025-03-30T10:12:13.763273+00:00
34,content/note/2025/severance-tv-series/index.ru.md,ru,text,2025-03-23T17:13:37.433754+00:00,
55,content/note/2025/silo/index.ru.md,ru,text,2025-04-26T13:04:37.968954+00:00,
27,content/note/2025/telegram/index.ru.md,ru,photo,2025-03-23T15:01:28.460197+00:00,
-27,content/note/2025/telegram/index.ru.md#media,ru,media,2025-03-23T15:01:28.460197+00:00,
85,content/note/2025/valensole-lavaner-telegram-images/index.ru.md,ru,photo,2025-07-06T13:33:38.192652+00:00,
-85,content/note/2025/valensole-lavaner-telegram-images/index.ru.md#media,ru,media,2025-07-06T13:33:38.192652+00:00,
83,content/note/2025/valensole-lavender/index.ru.md,ru,text,2025-07-06T10:26:31.661263+00:00,2025-07-06T17:43:48.108190+00:00
43,content/story/2024/ireland/index.ru.md,ru,media,2025-03-29T18:15:04.809971+00:00,
56,content/story/2025/berlin-may/index.ru.md,ru,media,2025-05-03T16:16:05.703205+00:00,
